b,21825130,山﨑　福也
b,71875151,宮城　大弥
b,71675139,吉田　一将
b,51155138,荒西　祐大
b,81285131,増井　浩俊
b,53355134,山本　由伸
b,83185134,山岡　泰輔
b,81785132,近藤　大亮
b,21025132,竹安　大知
b,41845151,村西　良太
b,11015139,東明　大貴
b,23325136,アルバース
b,61065138,富山　凌雅
b,41045136,田嶋　大樹
b,51755136,Ｋ－鈴木
b,51855137,ディクソン
b,81085131,比嘉　幹貴
b,01105137,飯田　優也
b,21725134,小林　慶祐
b,41645151,前　佑囲斗
b,61665136,本田　仁海
b,61365135,海田　智行
b,11915130,齋藤　綱記
b,01905134,澤田　圭佑
b,03705151,ヒギンス
b,61465131,山田　修義
b,21525137,金田　和之
b,61465138,左澤　優
b,81785134,榊原　翼
b,11315138,漆原　大晟
b,13315132,吉田　凌
b,81985130,鈴木　優
b,01505134,神戸　文也
b,41245134,張　奕
b,61065137,伏見　寅威
b,51455131,松井　雅人
b,41645139,若月　健矢
b,81085138,頓宮　裕真
b,71175134,飯田　大祐
b,71475113,山崎　勝己
b,21725151,勝俣　翔貴
b,21725137,白崎　浩之
b,31135135,安達　了一
b,01605136,福田　周平
b,91495130,西野　真弘
b,11515132,大城　滉二
b,91995151,紅林　弘太郎
b,91395138,太田　椋
b,13115136,山足　達也
b,91795135,小島　脩平
b,13915151,ロドリゲス
b,51755138,宜保　翔
b,51655136,廣澤　伸哉
b,51255138,中川　圭太
b,31435136,西浦　颯大
b,53755136,モヤ
b,11815130,宗　佑磨
b,81785133,後藤　駿太
b,73575151,ジョーンズ
b,01405136,西村　凌
b,63165132,吉田　正尚
b,91595151,大下　誠一郎
b,91995130,佐野　皓大
b,31535130,小田　裕也
b,61365112,Ｔ－岡田
b,71475131,松井　佑介
b,61465134,根本　薫
b,61965132,杉本　裕太郎
b,51055151,佐藤　一磨
b,21225151,谷岡　楓太
b,71475151,中田　惟斗
b,11815151,松山　真之
b,51755134,黒木　優太
b,71175136,東　晃平
b,33335134,山﨑　颯一郎
b,31435151,鶴見　凌也
b,31335136,稲富　宏樹
b,91695136,フェリペ
b,41345134,岡﨑　大輔
b,11615136,比屋根　彰人
b,11615151,平野　大和
b,01005151,佐藤　優悟
c,71775139,九里　亜蓮
c,71575134,矢崎　拓也
c,61365139,大瀬良　大地
c,51355131,今村　猛
c,91595132,岡田　明丈
c,53155151,森下　暢仁
c,21425135,野村　祐輔
c,31235133,中﨑　翔太
c,91895130,薮田　和樹
c,31235118,中田　廉
c,11415134,床田　寛樹
c,71775136,ケムナ　誠
c,21125135,一岡　竜司
c,01005134,高橋　昂也
c,21625130,塹江　敦哉
c,41545116,菊池　保則
c,51655130,藤井　皓哉
c,53355130,Ｋ．ジョンソン
c,31935138,島内　颯太郎
c,91095132,高橋　樹也
c,53155136,山口　翔
c,31135134,アドゥワ　誠
c,81085151,鈴木　寛人
c,21225135,戸田　隆矢
c,31035138,田中　法彦
c,93595151,ＤＪ．ジョンソン
c,21625136,藤井　黎來
c,91295133,中村　恭平
c,41245151,玉村　昇悟
c,71375136,遠藤　淳志
c,71075139,中村　祐太
c,31635136,平岡　敬人
c,03505151,スコット
c,53955136,フランスア
c,13715138,モンティージャ
c,81285136,中村　奨成
c,31135114,會澤　翼
c,51355115,石原　慶幸
c,41745119,白濱　裕太
c,81185133,磯村　嘉孝
c,11915134,坂倉　将吾
c,21125151,石原　貴規
c,51955139,曽根　海成
c,31335137,上本　崇司
c,61965139,田中　広輔
c,51755116,小窪　哲也
c,91195116,安部　友裕
c,61965131,堂林　翔太
c,61565135,菊池　涼介
c,11815135,三好　匠
c,01405138,林　晃汰
c,21725130,桒原　樹
c,01705138,小園　海斗
c,01405151,韮澤　雄也
c,31235138,中神　拓都
c,71475132,西川　龍馬
c,71475138,羽月　隆太郎
c,43945132,メヒア
c,81785137,鈴木　誠也
c,91995131,長野　久義
c,23725151,ピレラ
c,01405130,野間　峻祥
c,41345151,宇草　孔基
c,71975138,正隨　優弥
c,51955137,髙橋　大樹
c,01405116,松山　竜平
c,21325138,大盛　穂
c,01205136,永井　敦士
c,61365151,畝　章真
c,31935136,佐々木　健
c,33735138,メナ
c,53955151,コルニエル
c,81885151,持丸　泰輝
c,71975151,木下　元秀
s,31735151,奥川　恭伸
s,21125137,石山　泰稚
s,71475134,中尾　輝
s,21925139,高梨　裕稔
s,01305136,大下　佑馬
s,31635132,原　樹理
s,51955138,清水　昇
s,81285134,寺島　成輝
s,11315115,石川　雅規
s,91795115,近藤　一樹
s,11815134,星　知弥
s,83185151,イノーア
s,41745138,坂本　光士郎
s,43145151,吉田　大喜
s,11515137,小川　泰弘
s,23325151,クック
s,11815114,山田　大樹
s,41045151,杉山　晃基
s,43345138,マクガフ
s,51355134,梅野　雄吾
s,21125138,市川　悠太
s,83185138,スアレス
s,41545151,大西　広樹
s,51055132,高橋　奎二
s,51555136,金久保　優斗
s,91193886,五十嵐　亮太
s,51055131,中澤　雅人
s,21925138,鈴木　裕太
s,71775138,久保　拓眞
s,71975137,田川　賢吾
s,91595130,風張　蓮
s,11215131,平井　諒
s,31635137,山中　浩史
s,21725139,今野　龍太
s,11615134,長谷川　宙輝
s,61765135,歳内　宏明
s,11715136,蔵本　治孝
s,41245133,西田　明央
s,51855136,松本　直樹
s,01905114,嶋　基宏
s,51255118,中村　悠平
s,01705134,古賀　優大
s,91395134,大村　孟
s,81185112,井野　卓
s,91595139,奥村　展征
s,91295139,藤井　亮太
s,91895133,山田　哲人
s,33335151,エスコバー
s,91095139,西浦　直亨
s,31735112,川端　慎吾
s,01105131,荒木　貴裕
s,21625132,廣岡　大志
s,01805136,宮本　丈
s,81385130,太田　賢吾
s,41845136,村上　宗隆
s,51455151,長岡　秀樹
s,71275151,武岡　龍世
s,33135138,吉田　大成
s,61665138,松本　友
s,21225138,中山　翔太
s,71975136,塩見　泰隆
s,31135119,青木　宣親
s,33135132,山崎　晃大朗
s,01005117,雄平
s,21925117,坂口　智隆
s,73375132,渡邉　大樹
s,71375114,上田　剛史
s,91495138,濱田　太貴
s,41045135,田代　将太郎
s,91995132,ジュリアス
s,61165138,内山　太嗣
g,93795138,デラロサ
g,41045138,戸郷　翔征
g,81985133,澤村　拓一
g,11515115,大竹　寛
g,41745137,菅野　智之
g,81085132,田中　豊樹
g,83385151,サンチェス
g,01105111,岩隈　久志
g,81285118,野上　亮磨
g,61965138,髙橋　優貴
g,41945139,田口　麗斗
g,51555137,鍵谷　陽平
g,31635134,畠　世周
g,21625151,堀田　賢慎
g,21525151,太田　龍
g,31935132,桜井　俊貴
g,41245139,古川　侑利
g,81285132,中川　皓太
g,33935134,メルセデス
g,31335135,今村　信貴
g,31735136,鍬原　拓也
g,11615135,藤岡　貴裕
g,93795151,ビエイラ
g,21225130,戸根　千明
g,71075134,髙田　萌生
g,91095134,高梨　雄平
g,11215138,直江　大輔
g,31035135,高木　京介
g,21625133,宮國　椋丞
g,81885138,横川　凱
g,61065135,田原　誠次
g,71375134,大江　竜聖
g,91195134,池田　駿
g,51355151,井上　温大
g,61265138,沼田　翔平
g,71875134,堀岡　隼人
g,63565151,ディプラン
g,91795139,小林　誠司
g,21325136,大城　卓三
g,91995112,炭谷　銀仁朗
g,91595136,岸田　行倫
g,03105151,山瀬　慎之助
g,31235130,田中　貴也
g,21825133,吉川　大幾
g,51855132,増田　大輝
g,01005113,中島　宏之
g,51955114,坂本　勇人
g,11515130,岡本　和真
g,73375134,吉川　尚輝
g,13315136,若林　晃弘
g,03105130,ウィーラー
g,81085136,田中　俊太
g,21525136,北村　拓己
g,93195132,山本　泰寛
g,31935151,菊田　拡和
g,01605138,増田　陸
g,21625138,松井　義弥
g,21525130,香月　一也
g,43145136,湯浅　大
g,13315151,ウレーニャ
g,21825112,陽　岱鋼
g,21425116,丸　佳浩
g,81385110,亀井　善行
g,01105135,石川　慎吾
g,81985118,立岡　宗一郎
g,21925132,重信　慎之介
g,13515138,モタ
g,21825134,松原　聖弥
g,21825136,村上　海斗
g,53755151,パーラ
g,51555134,加藤　脩平
g,81185151,伊藤　海斗
g,01805138,山下　航汰
g,13315134,山川　和大
g,51055134,髙井　俊
g,81485138,平井　快青
g,51255134,谷岡　竜平
g,61065132,巽　大介
g,11215136,田中　優大
g,61465132,橋本　篤郎
g,53355132,與那原　大剛
g,33535138,ラモス
g,71675136,広畑　塁
g,91795136,小山　翔平
g,41045134,高山　竜太朗
g,61465136,比嘉　賢伸
g,31635151,平間　隼人
g,11515136,折下　光輝
g,33135136,山上　信吾
g,91795138,黒田　響生
g,31535136,笠井　駿
g,61765151,加藤　壮太
g,71875130,八百板　卓丸
g,91195136,荒井　颯太
db,51155136,東　克樹
db,81785136,阪口　皓亮
db,41145151,伊勢　大夢
db,11315130,石田　健大
db,61165137,井納　翔一
db,01305138,大貫　晋一
db,41245137,三嶋　一輝
db,41845130,山﨑　康晃
db,11015151,坂本　裕哉
db,01305132,今永　昇太
db,21725136,齋藤　俊介
db,51655134,濵口　遥大
db,81585138,上茶谷　大河
db,41545138,勝又　温史
db,01105130,飯塚　悟史
db,51255139,平田　真吾
db,31435139,三上　朋也
db,11915136,櫻井　周斗
db,61965134,進藤　拓也
db,73775151,ピープルズ
db,11915139,砂田　毅樹
db,11715134,京山　将弥
db,01105132,赤間　謙
db,03705134,パットン
db,31135151,浅田　将汰
db,81085139,濱矢　廣大
db,61665133,武藤　祐太
db,01905139,平良　拳太郎
db,63365134,エスコバー
db,21725135,古村　徹
db,71475112,藤岡　好明
db,01705131,国吉　佑樹
db,21225136,中川　虎大
db,11515134,笠井　崇正
db,41245132,戸柱　恭孝
db,81185116,伊藤　光
db,91695138,益子　京右
db,51055135,髙城　俊人
db,71475139,嶺井　博希
db,23125136,山本　祐大
db,51155151,東妻　純平
db,21025116,中井　大介
db,93195137,ロペス
db,41145138,伊藤　裕季也
db,91795130,倉本　寿彦
db,33135151,森　敬斗
db,61465112,大和
db,73375151,オースティン
db,41945132,柴田　竜拓
db,81885130,山下　幸輝
db,91695135,飛雄馬
db,91195110,石川　雄洋
db,91995134,佐野　恵太
db,51455137,宮﨑　敏郎
db,01205151,田部　隼人
db,91095138,知野　直人
db,31835130,百瀬　大騎
db,03505136,ソト
db,91895136,宮本　秀明
db,51755135,桑原　将志
db,61565114,梶谷　隆幸
db,71575136,神里　和毅
db,41345135,乙坂　智
db,61565136,楠本　泰史
db,31835134,細川　成也
db,51555151,蝦名　達夫
db,31935139,関根　大気
db,11015116,田中　健二朗
db,51855138,宮城　滝太
db,43145138,コルデロ
db,43545151,ディアス
db,83585151,デラロサ
d,71575132,小笠原　慎之介
d,21025135,田島　慎二
d,21425151,橋本　侑樹
d,31035118,谷元　圭介
d,61265139,又吉　克樹
d,63165134,柳　裕也
d,41845112,吉見　一起
d,11515131,岡田　俊哉
d,11515133,大野　雄大
d,21025137,福谷　浩司
d,71975132,佐藤　優
d,81185138,梅津　晃大
d,31635115,山井　大介
d,21125139,阿知羅　拓馬
d,91995139,祖父江　大輔
d,41645132,福　敬登
d,61565151,岡野　祐一郎
d,21225137,松葉　貴大
d,21125136,石川　翔
d,21525138,勝野　昌慶
d,01805132,三ツ間　卓也
d,61965136,鈴木　博志
d,31535134,笠原　祥太郎
d,01905136,清水　達也
d,43345151,ゴンサレス
d,21625134,藤嶋　健人
d,03105136,山本　拓実
d,91595138,垣越　建伸
d,51255151,竹内　龍臣
d,11515118,小熊　凌祐
d,21125118,伊藤　準規
d,33935151,ロドリゲス
d,71075137,濱田　達郎
d,03505138,ロメロ
d,41145136,マルク
d,23925134,Ｒ．マルティネス
d,41545134,木下　雄介
d,81785139,鈴木　翔太
d,61365118,大野　奨太
d,31735132,木下　拓哉
d,21925151,郡司　裕也
d,41545130,加藤　匠馬
d,73975136,Ａ．マルティネス
d,91195138,石橋　康太
d,41545139,桂　依央利
d,21025136,髙松　渡
d,81585134,京田　陽太
d,91195151,石川　昂弥
d,91095135,高橋　周平
d,61165132,阿部　寿樹
d,81285138,根尾　昂
d,41145130,石川　駿
d,41145134,石垣　雅海
d,51655133,三ツ俣　大樹
d,81285137,溝脇　隼人
d,31635114,福田　永将
d,01205114,堂上　直倫
d,13715132,ビシエド
d,51455112,藤井　淳志
d,61265112,平田　良介
d,01305131,大島　洋平
d,41345130,遠藤　一星
d,71375130,井領　雅貴
d,03305132,渡辺　勝
d,43345136,アルモンテ
d,33535151,シエラ
d,81185136,伊藤　康祐
d,81985138,滝野　要
d,91995137,武田　健吾
d,81585151,岡林　勇希
d,63565138,ブリトー
d,41445130,浜田　智博
d,61865134,丸山　泰資
d,91395136,大藏　彰人
d,81685151,松田　亘哲
d,51355132,石岡　諒太
t,61065110,能見　篤史
t,91495151,西　純矢
t,71275118,西　勇輝
t,51355139,岩貞　祐太
t,41445136,馬場　皐輔
t,41045137,藤浪　晋太郎
t,51055110,中田　賢一
t,51355112,岩田　稔
t,71073888,藤川　球児
t,03705136,呂　彦青
t,61365134,尾仲　祐哉
t,81385134,小野　泰己
t,91095136,髙橋　遥人
t,31035132,高野　圭佑
t,31235136,谷川　昌希
t,41745134,才木　浩人
t,71675134,浜地　真澄
t,91795151,及川　雅貴
t,01605134,福永　春吾
t,53355151,エドワーズ
t,51855130,守屋　功輝
t,51155131,秋山　拓巳
t,11715138,川原　陸
t,21725138,齋藤　友貴哉
t,93395151,ガンケル
t,71175132,青柳　晃洋
t,01105137,飯田　優也
t,21725134,小林　慶祐
t,81885132,望月　惇志
t,31735116,桑原　謙太朗
t,41845138,湯浅　京己
t,11715151,小川　一平
t,31335139,岩崎　優
t,51055133,島本　浩也
t,53555132,スアレス
t,33535136,ガルシア
t,53155130,横山　雄哉
t,41145135,伊藤　和雄
t,01105136,石井　将希
t,11915132,坂本　誠志郎
t,91495134,長坂　拳弥
t,21325139,梅野　隆太郎
t,91395110,岡﨑　太一
t,91695151,藤田　健斗
t,61065131,原口　文仁
t,01505138,片山　雄哉
t,01305118,上本　博紀
t,31735138,木浪　聖也
t,11215137,北條　史也
t,21325134,大山　悠輔
t,81585136,熊谷　敬宥
t,63365138,マルテ
t,81185134,糸原　健斗
t,31535138,小幡　竜平
t,63765151,ボーア
t,71575151,遠藤　成
t,11615139,陽川　尚将
t,91195133,荒木　郁也
t,01305130,植田　海
t,71075138,近本　光司
t,91195119,糸井　嘉男
t,61963888,福留　孝介
t,01005132,髙山　俊
t,21325130,江越　大賀
t,31335151,井上　広大
t,81185135,伊藤　隼太
t,63365151,サンズ
t,91995136,島田　海吏
t,51255133,中谷　将大
t,91395132,板山　祐太郎
t,51255131,俊介
t,81685136,牧　丈一郎
t,41645134,藤谷　洸介
t,71775151,小野寺　暖
t,51755151,奥山　皓太
l,31335134,今井　達也
l,53155138,渡邉　勇太朗
l,71075130,髙橋　光成
l,71275137,増田　達至
l,51855151,宮川　哲
l,31233888,松坂　大輔
l,81685138,松本　航
l,51255132,多和田　真三郎
l,41745136,齊藤　大将
l,61465151,浜屋　将太
l,91295135,十亀　剣
l,41445132,野田　昇吾
l,91695134,平井　克典
l,71175138,粟津　凱士
l,81185119,内海　哲也
l,71875138,森脇　亮介
l,51555131,小川　龍也
l,01305133,榎田　大樹
l,03305151,ギャレット
l,01905130,佐野　泰雄
l,11315136,伊藤　翔
l,01205134,田村　伊知郎
l,71375151,井上　広輝
l,63165136,與座　海人
l,31835132,本田　圭佑
l,61665151,松岡　洸希
l,41945116,武隈　祥太
l,13715151,ノリン
l,01405134,中塚　駿太
l,13315138,ニール
l,91795132,國場　翼
l,31035136,平良　海馬
l,21325151,上間　永遠
l,43145137,相内　誠
l,61665132,藤田　航生
l,31535139,岡田　雅利
l,91495139,森　友哉
l,61265151,柘植　世那
l,71675138,牧野　翔矢
l,01705135,駒月　仁人
l,61765136,齊藤　誠人
l,61265137,水口　大地
l,21425139,山川　穂高
l,21825138,山野辺　翔
l,41245130,外崎　修汰
l,71775134,源田　壮亮
l,81785138,佐藤　龍世
l,11415135,永江　恭平
l,21325132,呉　念庭
l,13115130,山田　遥楓
l,11915151,川野　涼多
l,81685133,森越　祐人
l,81085115,中村　剛也
l,51255136,綱島　龍生
l,83385139,メヒア
l,51755115,栗山　巧
l,01505137,金子　侑司
l,41745114,木村　文紀
l,23525151,スパンジェンバーグ
l,31035134,鈴木　将平
l,51455136,西川　愛也
l,31535132,愛斗
l,21725133,熊代　聖人
l,01205130,戸川　大輔
l,51955151,岸　潤一郎
l,81585132,川越　誠司
l,71075136,高木　渉
l,61165151,出井　敏博
l,31935137,髙橋　朋己
l,21025138,東野　葵
l,51355138,大窪　士夢
l,71275138,中熊　大智
h,53755138,Ｃ．スチュワート・ジュニア
h,41345136,大竹　耕太郎
h,81285151,津森　宥紀
h,61265118,二保　旭
h,21525139,加治屋　蓮
h,01005137,東浜　巨
h,31335116,岩嵜　翔
h,01005135,武田　翔太
h,51555138,甲斐野　央
h,11815117,和田　毅
h,31235134,田中　正義
h,83185136,吉住　晴斗
h,01005136,高橋　礼
h,61165139,石川　柊太
h,51955136,椎野　新
h,63965134,モイネロ
h,83785151,ムーア
h,01405139,森　唯斗
h,61365136,尾形　崇斗
h,91995138,杉山　一樹
h,01005133,千賀　滉大
h,01605135,松田　遼馬
h,13515130,バンデンハーク
h,71075132,髙橋　純平
h,93395136,渡邉　雄大
h,81685134,古谷　優人
h,21425138,板東　湧梧
h,01105138,泉　圭輔
h,51055136,田浦　文丸
h,91595135,嘉弥真　新也
h,33135133,サファテ
h,61365138,奥村　政稔
h,11715131,川原　弘之
h,61665130,松本　裕樹
h,01505130,笠谷　俊介
h,41045114,髙谷　裕亮
h,91595133,甲斐　拓也
h,01705130,栗原　陵矢
h,11215132,谷川原　健太
h,81385151,海野　隆司
h,31735134,九鬼　隆平
h,11715132,川瀬　晃
h,11915137,髙田　知季
h,21325113,内川　聖一
h,51655112,松田　宣浩
h,31335131,今宮　健太
h,51155119,明石　健志
h,41045131,西田　哲朗
h,21925136,周東　佑京
h,83785136,グラシアル
h,11815136,増田　珠
h,61465133,牧原　大成
h,11015136,リチャード
h,11415138,野村　大樹
h,33135134,三森　大貴
h,41945151,小林　珠維
h,81585112,川島　慶三
h,13315133,バレンティン
h,11215116,中村　晃
h,31835133,柳田　悠岐
h,21425114,長谷川　勇也
h,91095151,佐藤　直樹
h,73175151,柳町　達
h,91395139,上林　誠知
h,03505139,デスパイネ
h,31835138,水谷　瞬
h,51555135,釜元　豪
h,51255137,真砂　勇介
h,01505151,大関　友久
h,01705132,小澤　怜史
h,21425132,野澤　佑斗
h,41345138,岡本　直也
h,93395132,渡辺　健史
h,11915138,重田　倫明
h,21825151,村上　舜
h,01105151,石塚　綜一郎
h,93195138,渡邉　陸
h,01605130,堀内　汰門
h,91695130,古澤　勝吾
h,71775132,黒瀬　健太
h,11315151,伊藤　大将
h,41745151,勝連　大稀
h,71175151,荒木　翔太
h,01305134,大本　将吾
h,01605151,舟越　秀虎
h,81085134,田城　飛翔
h,81485136,日暮　矢麻人
h,41945134,清水　陸哉
h,91295138,中村　宜聖
f,01905133,斎藤　佑樹
f,41245138,生田目　翼
f,41545132,加藤　貴之
f,51355135,上沢　直之
f,51155130,有原　航平
f,41345139,浦野　博司
f,13115138,吉田　輝星
f,41345110,金子　弌大
f,41345132,上原　健太
f,41445116,宮西　尚生
f,33735136,マルティネス
f,81785151,河野　竜生
f,31335132,井口　和朋
f,31635116,村田　透
f,91295151,立野　和明
f,51855134,堀　瑞輝
f,91495136,西村　天裕
f,33735151,バーヘイゲン
f,71575138,柿木　蓮
f,91195139,秋吉　亮
f,11615138,福田　俊
f,43745136,ロドリゲス
f,61065136,田中　瑛斗
f,61065151,鈴木　健矢
f,81585137,公文　克彦
f,81985136,鈴木　遼太郎
f,61165130,石川　直也
f,71875136,宮台　康平
f,91295134,玉井　大翔
f,41845114,吉川　光夫
f,61765139,杉浦　稔大
f,83185132,吉田　侑樹
f,61865151,望月　大希
f,01505136,北浦　竜次
f,61965130,清水　優心
f,71275117,鶴岡　慎也
f,61365132,宇佐見　真吾
f,21725112,黒羽根　利規
f,91795134,郡　拓也
f,51055138,田宮　裕涼
f,11515151,梅林　優貴
f,81185139,石川　亮
f,81785118,杉谷　拳士
f,61065116,中田　翔
f,11215118,中島　卓也
f,41545136,清宮　幸太郎
f,81685139,渡邉　諒
f,31435138,野村　佑希
f,11615137,谷内　亮太
f,21125134,石井　一成
f,93395138,ビヤヌエバ
f,01605132,平沼　翔太
f,01305151,上野　響平
f,11415136,難波　侑平
f,03105132,横尾　俊建
f,11315134,今井　順之助
f,01005130,髙濱　祐仁
f,81485151,樋口　龍之介
f,23525138,王　柏融
f,41045133,谷口　雄也
f,41345118,大田　泰示
f,21225133,西川　遥輝
f,41745135,近藤　健介
f,21625135,松本　剛
f,31135130,淺間　大基
f,41045139,白村　明弘
f,71675132,姫野　優也
f,11815138,万波　中正
f,01705151,片岡　奨人
f,41445151,長谷川　凌汰
f,21025134,高山　優希
f,91895151,宮田　輝星
f,31335138,海老原　一佳
m,71975134,佐々木　千隼
m,41145139,石川　歩
m,41345131,大谷　智久
m,01605133,美馬　学
m,71275134,種市　篤暉
m,31035151,佐々木　朗希
m,21225139,二木　康太
m,21525116,唐川　侑己
m,21225132,東條　大樹
m,61165119,内　竜也
m,31135138,東妻　勇輔
m,93195136,山本　大貴
m,01205137,松永　昂大
m,01205118,西野　勇士
m,81185130,石崎　剛
m,91695133,南　昌輝
m,31435134,土肥　星也
m,53355136,渡邉　啓太
m,51155134,有吉　優樹
m,51555130,小野　郁
m,51455132,成田　翔
m,93795134,ハーマン
m,11515138,小島　和哉
m,91395130,岩下　大輝
m,01005112,田中　靖洋
m,01205138,中村　稔弥
m,23525133,チェン・グァンユウ
m,71675135,益田　直也
m,11615132,原　嵩
m,81985133,澤村　拓一
m,21625119,チェン・ウェイン
m,13515132,ジャクソン
m,23125151,横山　陸人
m,41245136,永野　将司
m,01505114,大嶺　祐太
m,51655138,古谷　拓郎
m,01005138,土居　豪人
m,43745151,フローレス
m,41945137,田村　龍弘
m,71075151,佐藤　都志也
m,91695139,吉田　裕太
m,73175134,宗接　唯人
m,61365133,江村　直也
m,71475115,細川　亨
m,21525132,柿沼　友哉
m,21925119,鳥谷　敬
m,41645136,藤岡　裕大
m,81885136,安田　尚憲
m,51455130,中村　奨吾
m,91695132,平沢　大河
m,51455139,三木　亮
m,51655151,福田　光輝
m,11315139,井上　晴哉
m,41645138,松田　進
m,23525130,レアード
m,21525130,香月　一也
m,21425112,細谷　圭
m,71275132,茶谷　健太
m,71475136,西巻　賢二
m,71575131,荻野　貴司
m,91795131,清田　育宏
m,31635138,藤原　恭大
m,41545114,角中　勝也
m,11615114,福田　秀平
m,91595137,加藤　翔平
m,11515139,岡　大海
m,41945136,菅野　剛士
m,11215151,髙部　瑛斗
m,91895138,山口　航輝
m,81685135,三家　和真
m,33335136,和田　康士朗
m,23725138,マーティン
m,13115151,本前　郁也
m,61565138,鎌田　光津希
m,61865136,森　遼大朗
m,63165151,アコスタ
m,13515151,サントス
m,91395151,植田　将太
m,21925116,髙濱　卓也
e,81285139,松井　裕樹
e,91795114,岸　孝之
e,01705136,近藤　弘樹
e,93195134,森原　康平
e,51055137,則本　昂大
e,53555151,Ｊ．Ｔ．シャギワ
e,31635110,涌井　秀章
e,11015133,塩見　貴洋
e,61665134,藤平　尚真
e,71175130,安樂　智大
e,31535135,釜田　佳直
e,41445133,牧田　和久
e,61865138,弓削　隼人
e,61765134,酒居　知史
e,31435133,福井　優也
e,03305138,ブセニッツ
e,41445138,引地　秀一郎
e,91195112,青山　浩二
e,93595151,ジョンソン
e,73575132,宋　家豪
e,81985134,菅原　秀
e,73375136,渡邊　佑樹
e,71675151,福森　耀真
e,11415151,津留﨑　大成
e,71075134,髙田　萌生
e,91095134,高梨　雄平
e,01905138,鈴木　翔天
e,31235151,瀧中　瞭太
e,01505118,辛島　航
e,51755132,熊原　健人
e,71375132,石橋　良太
e,61765138,佐藤　智輝
e,41445134,西口　直人
e,81785116,由規
e,71475133,福山　博之
e,71275136,寺岡　寛治
e,91195134,池田　駿
e,21725117,久保　裕也
e,71375138,太田　光
e,21325135,岡島　豪郎
e,71875133,山下　斐紹
e,41145132,足立　祐一
e,31235130,田中　貴也
e,11815132,堀内　謙伍
e,01705137,下妻　貴寛
e,61165134,石原　彪
e,31835151,水上　桂
e,61965151,小深田　大翔
e,51155118,浅村　栄斗
e,61865132,茂木　栄五郎
e,21225110,藤田　一也
e,81985135,鈴木　大地
e,01905151,黒川　史陽
e,81885114,渡辺　直人
e,71375112,銀次
e,73175136,山﨑　幹史
e,01305139,内田　靖人
e,03105130,ウィーラー
e,73175138,渡邊　佳明
e,41845132,村林　一輝
e,01505132,オコエ　瑠偉
e,11015138,辰己　涼介
e,73975134,ロメロ
e,11215134,田中　和基
e,71975135,島内　宏明
e,51355136,岩見　雅紀
e,91795137,下水流　昂
e,81385138,小郷　裕哉
e,61665139,和田　恋
e,23325138,ブラッシュ
e,01805151,武藤　敦貴
e,81485130,フェルナンド
e,91495137,森　雄大
e,43745138,王　彦程
e,01105134,池田　隆英
e,61565134,木村　敏靖
e,41945138,清宮　虎多朗
e,51455138,則本　佳樹
e,81985151,小峯　新陸
e,31535151,江川　侑斗
e,33335132,吉持　亮汰
e,13115134,南　要輔
e,31835136,松本　京志郎
e,93195151,山﨑　真彰
e,21025151,澤野　聖悠
e,61265136,中村　和希
e,31135136,耀飛
